<?xml version="1.0" encoding="UTF-8"?>
<beans xmlns="http://www.springframework.org/schema/beans"
    xmlns:xsi="http://www.w3.org/2001/XMLSchema-instance"
    xmlns:context="http://www.springframework.org/schema/context"
    xsi:schemaLocation="http://www.springframework.org/schema/beans
    http://www.springframework.org/schema/beans/spring-beans-3.0.xsd
    http://www.springframework.org/schema/context
    http://www.springframework.org/schema/context/spring-context-3.0.xsd">

<!-- <bean id="mybean" class="org.mycompany.Employeee" autowire="byType">
 -->
<!-- 
byType will check the datatype of variables in employees.
wen is sees address, it'll try to locate if any bean exists for Address.
if it find a bean for address, it will inject the properties into the xml part 
where address is used and in the employee object.
 -->
<context:annotation-config /> <!--this enables annotations in class -->

  <bean id="mybean" class="org.mycompany.Employeee">
  <!-- 
    <bean id="mybean" class="org.mycompany.Employeee" autowire="byName">
    remove autowire attribute wen autowired annotation is added in the employee class
   -->
<property name="category" value="CONTRACT" />
<property name="age" value="22" /> 
<!-- here the SPRING converts value=22 into
integer while giving the value to age variable 
This method uses setters and getters
 -->
<!--  <property name="address" ref="addr" />
 -->
 
 </bean>

<bean id="address1" class="org.mycompany.Address">
<property name="doorno" value="5">
</property>
<property name="city" value="Hyderabad" />
</bean>


<bean id="address2" class="org.mycompany.Address">
<property name="doorno" value="78">
</property>
<property name="city" value="Delhi" />
</bean>
</beans>