<?xml version="1.0" encoding="UTF-8"?>
<beans xmlns="http://www.springframework.org/schema/beans"
	xmlns:xsi="http://www.w3.org/2001/XMLSchema-instance"
	xmlns:context="http://www.springframework.org/schema/context"
	xsi:schemaLocation="http://www.springframework.org/schema/beans 
			http://www.springframework.org/schema/beans/spring-beans.xsd
			http://www.springframework.org/schema/context 
			http://www.springframework.org/schema/context/spring-context-3.0.xsd">
<context:component-scan base-package="com"></context:component-scan>
<!-- this is the handler controller for the servlet dispatcher-servlet with the same name
dispatcher servlet is initialized in web.xml and is created by spring using that configuration
 -->
 <bean class="org.springframework.web.servlet.mvc.method.annotation.RequestMappingHandlerAdapter">
 </bean>
  <bean class="org.springframework.web.servlet.mvc.method.annotation.RequestMappingHandlerMapping">
 </bean>
 <bean class="org.springframework.web.servlet.view.InternalResourceViewResolver">
 <property name="prefix" value="WEB-INF/jsp/" />
 <property name="suffix" value=".jsp" />
 <!-- WEB-INF/jsp/result.jsp
 This is the output of view resolver 
 prefix+jsp-name+suffix
  -->
 </bean>
</beans>